{"epoch": 0, "attention training loss": 1.0098227262496948, "_timestamp": 1702309987.4999766, "_runtime": 34.31141662597656, "_step": 23}